,orders_details_id_x,line_dd,moisture_x,bulk_density,sifter_speed_nominal_pct,steam_pressure,dd_speed,temp_out,water_pct,water_correction,fat_pct,particles_grp1,particles_grp2,particles_grp3,moisture_y,elems
0,1,DD08,3,240,0.75,8,7,118,0.66,-40,0.060604,0.537341,0.210579,0.233674,11.4533,2
1,1,DD08,3.39,240,0.75,8,7.5,118,0.66,-60,0.060604,0.537341,0.210579,0.233674,11.4533,2
2,1,DD08,3.97,230,0.75,8,7.5,118,0.66,-60,0.060604,0.537341,0.210579,0.233674,11.4533,2
3,1,DD08,4.05,200,0.75,8,7.5,118,0.66,-60,0.060604,0.537341,0.210579,0.233674,11.4533,2
4,1,DD08,4,200,0.75,8,7.5,118,0.66,-60,0.060604,0.537341,0.210579,0.233674,11.4533,2
5,1,DD08,3.87,200,0.75,8,8,114,0.66,-60,0.060604,0.537341,0.210579,0.233674,11.4533,2
6,1,DD08,4.21,200,0.75,8,8.5,113,0.66,-60,0.060604,0.537341,0.210579,0.233674,11.4533,2
7,1,DD08,3.84,200,0.75,8.2,8.5,112,0.66,-60,0.060604,0.537341,0.210579,0.233674,11.4533,2
8,1,DD08,4.16,180,0.8,8.2,8.5,112,0.66,-60,0.060604,0.537341,0.210579,0.233674,11.4533,2
9,1,DD08,3.92,190,0.8,8.2,8.5,112,0.66,-60,0.060604,0.537341,0.210579,0.233674,11.4533,2
10,1,DD08,3.79,200,0.8,8.2,8.5,113,0.66,-60,0.060604,0.537341,0.210579,0.233674,11.4533,2
11,1,DD08,3.41,230,0.8,8.2,9,113,0.66,-60,0.060604,0.537341,0.210579,0.233674,11.4533,2
12,1,DD08,4.01,210,0.8,8.2,9,112,0.66,-60,0.060604,0.537341,0.210579,0.233674,11.4533,2
13,1,DD08,4.04,210,0.8,8.2,9,112,0.66,-40,0.060604,0.537341,0.210579,0.233674,11.4533,2
14,1,DD08,5.57,150,0.8,8.2,10,112,0.66,-20,0.060604,0.537341,0.210579,0.233674,11.4533,2
15,1,DD08,2.98,230,0.8,8.2,8,112,0.66,-60,0.060604,0.537341,0.210579,0.233674,11.4533,2
16,1,DD08,3.23,200,0.8,8.2,10.5,112,0.66,-40,0.060604,0.537341,0.210579,0.233674,11.4533,2
17,1,DD08,2.98,212,0.8,8.2,10,112,0.66,-40,0.060604,0.537341,0.210579,0.233674,11.4533,2
18,1,DD08,3.43,210,0.8,8.2,9.5,112,0.66,-40,0.060604,0.537341,0.210579,0.233674,11.4533,2
19,1,DD08,3.32,210,0.8,7.5,9.5,112,0.66,-40,0.060604,0.537341,0.210579,0.233674,11.4533,2
20,3,DD08,3.93,190,0.8,8,9,113,0.66,-50,0.060376,0.540704,0.211776,0.229456,11.4552,2
21,3,DD08,3.74,190,0.8,8,9,113,0.66,-50,0.060376,0.540704,0.211776,0.229456,11.4552,2
22,3,DD08,3.94,190,0.8,8,9,113,0.66,-50,0.060376,0.540704,0.211776,0.229456,11.4552,2
23,3,DD08,4.13,220,0.8,7.8,9,114,0.66,-50,0.060376,0.540704,0.211776,0.229456,11.4552,2
24,3,DD08,3.23,220,0.8,7.8,9,114,0.66,-50,0.060376,0.540704,0.211776,0.229456,11.4552,2
25,3,DD08,3.12,230,0.8,7.8,9,114,0.66,-50,0.060376,0.540704,0.211776,0.229456,11.4552,2
26,3,DD08,3.4,230,0.8,7.8,9,114,0.66,-50,0.060376,0.540704,0.211776,0.229456,11.4552,2
27,3,DD08,3.81,220,0.8,7.8,9,114,0.66,-50,0.060376,0.540704,0.211776,0.229456,11.4552,2
28,3,DD08,3.5,220,0.8,7.8,9,114,0.66,-50,0.060376,0.540704,0.211776,0.229456,11.4552,2
29,3,DD08,3.42,220,0.8,7.8,9,114,0.66,-50,0.060376,0.540704,0.211776,0.229456,11.4552,2
30,3,DD08,3.44,220,0.8,7.8,9.5,114,0.66,-50,0.060376,0.540704,0.211776,0.229456,11.4552,2
31,3,DD08,3.67,220,0.8,7.8,9.5,114,0.66,-50,0.060376,0.540704,0.211776,0.229456,11.4552,2
32,3,DD08,4.23,250,0.8,7.8,9.5,114,0.66,-50,0.060376,0.540704,0.211776,0.229456,11.4552,2
33,3,DD08,3.77,230,0.8,7.8,9.5,114,0.66,-50,0.060376,0.540704,0.211776,0.229456,11.4552,2
34,3,DD08,5.15,240,0.8,7.8,9.5,114,0.66,-50,0.060376,0.540704,0.211776,0.229456,11.4552,2
35,3,DD08,4.44,220,0.8,8,9.5,114,0.66,-50,0.060376,0.540704,0.211776,0.229456,11.4552,2
36,3,DD08,,,0.8,8,9.5,114,0.66,-50,0.060376,0.540704,0.211776,0.229456,11.4552,2
37,4,DD08,2.38,220,0.8,8,7,121,0.66,-60,0.056395,0.538625,0.20745,0.243925,11.5465,2
38,4,DD08,2.47,200,0.8,8,8,121,0.66,-60,0.056395,0.538625,0.20745,0.243925,11.5465,2
39,4,DD08,3.8,200,0.8,8,8.5,121,0.66,-60,0.056395,0.538625,0.20745,0.243925,11.5465,2
40,4,DD08,3.63,200,0.8,8,9,121,0.66,-60,0.056395,0.538625,0.20745,0.243925,11.5465,2
41,4,DD08,4.46,200,0.8,8,9,121,0.66,-60,0.056395,0.538625,0.20745,0.243925,11.5465,2
42,4,DD08,3.61,200,0.8,8,9,121,0.66,-60,0.056395,0.538625,0.20745,0.243925,11.5465,2
43,4,DD08,3.95,220,0.8,8,9,120,0.66,-60,0.056395,0.538625,0.20745,0.243925,11.5465,2
44,4,DD08,4.74,200,0.8,8,9,120,0.66,-60,0.056395,0.538625,0.20745,0.243925,11.5465,2
45,4,DD08,4.56,200,0.8,8,9,120,0.66,-60,0.056395,0.538625,0.20745,0.243925,11.5465,2
46,4,DD08,4.61,200,0.8,8.1,9,120,0.66,-60,0.056395,0.538625,0.20745,0.243925,11.5465,2
47,4,DD08,4.85,200,0.8,8.2,9,110,0.66,-60,0.056395,0.538625,0.20745,0.243925,11.5465,2
48,4,DD08,3.7,200,0.8,8.2,9,120,0.66,-60,0.056395,0.538625,0.20745,0.243925,11.5465,2
49,4,DD08,5.04,190,0.8,8.2,9,120,0.66,-60,0.056395,0.538625,0.20745,0.243925,11.5465,2
50,4,DD08,4.84,200,0.8,8.2,9,120,0.66,-60,0.056395,0.538625,0.20745,0.243925,11.5465,2
51,4,DD08,5.03,180,0.8,8.2,9,120,0.66,-60,0.056395,0.538625,0.20745,0.243925,11.5465,2
52,4,DD08,5.17,180,0.8,8.2,8.5,120,0.66,-60,0.056395,0.538625,0.20745,0.243925,11.5465,2
53,4,DD08,4.56,190,0.8,8.2,8.6,120,0.66,-60,0.056395,0.538625,0.20745,0.243925,11.5465,2
54,4,DD08,4.88,190,0.8,8.2,8.7,120,0.66,-60,0.056395,0.538625,0.20745,0.243925,11.5465,2
55,4,DD08,4.65,190,0.8,8.2,8.7,120,0.66,-60,0.056395,0.538625,0.20745,0.243925,11.5465,2
56,4,DD08,4.72,190,0.8,8.2,8.7,120,0.66,-60,0.056395,0.538625,0.20745,0.243925,11.5465,2
57,4,DD08,4.8,190,0.8,8.2,8.7,120,0.66,-60,0.056395,0.538625,0.20745,0.243925,11.5465,2
58,4,DD08,4.77,190,0.8,8.2,8.8,120,0.66,-60,0.056395,0.538625,0.20745,0.243925,11.5465,2
59,5,DD08,5.06,200,0.8,8.2,8.8,120,0.66,-60,0.056464,0.5346,0.20584,0.24956,11.5488,2
60,5,DD08,4.98,200,0.8,8.2,8.8,120,0.66,-60,0.056464,0.5346,0.20584,0.24956,11.5488,2
61,5,DD08,4.97,200,0.8,8.2,8.8,120,0.66,-60,0.056464,0.5346,0.20584,0.24956,11.5488,2
62,5,DD08,3.18,200,0.8,8.2,8.8,120,0.66,-60,0.056464,0.5346,0.20584,0.24956,11.5488,2
63,5,DD08,3.31,200,0.8,8.2,8.8,120,0.66,-60,0.056464,0.5346,0.20584,0.24956,11.5488,2
64,5,DD08,4.62,190,0.8,8.2,8.8,120,0.66,-60,0.056464,0.5346,0.20584,0.24956,11.5488,2
65,5,DD08,4.78,200,0.8,8.2,8.8,120,0.66,-60,0.056464,0.5346,0.20584,0.24956,11.5488,2
66,5,DD08,4.73,200,0.8,8.2,8.8,120,0.66,-60,0.056464,0.5346,0.20584,0.24956,11.5488,2
67,5,DD08,4.18,200,0.8,8.2,9,120,0.66,-60,0.056464,0.5346,0.20584,0.24956,11.5488,2
68,5,DD08,4.54,200,0.8,8.2,9,120,0.66,-60,0.056464,0.5346,0.20584,0.24956,11.5488,2
69,5,DD08,4.54,200,0.8,8.2,9,120,0.66,-60,0.056464,0.5346,0.20584,0.24956,11.5488,2
70,5,DD08,4.61,200,0.8,8.2,9,120,0.66,-60,0.056464,0.5346,0.20584,0.24956,11.5488,2
71,5,DD08,4.29,200,0.8,8.2,9,120,0.66,-60,0.056464,0.5346,0.20584,0.24956,11.5488,2
72,5,DD08,4.48,200,0.8,8.2,9,120,0.66,-60,0.056464,0.5346,0.20584,0.24956,11.5488,2
73,5,DD08,4.42,200,0.8,8.2,9,120,0.66,-60,0.056464,0.5346,0.20584,0.24956,11.5488,2
74,5,DD08,4.4,200,0.8,8.2,9,120,0.66,-60,0.056464,0.5346,0.20584,0.24956,11.5488,2
75,5,DD08,4.01,200,0.8,8.2,9,120,0.66,-60,0.056464,0.5346,0.20584,0.24956,11.5488,2
76,5,DD08,4.12,200,0.8,8.2,9,120,0.66,-60,0.056464,0.5346,0.20584,0.24956,11.5488,2
77,5,DD08,3.83,190,0.8,8.2,9,120,0.66,-60,0.056464,0.5346,0.20584,0.24956,11.5488,2
78,5,DD08,4.51,200,0.8,8.2,9,120,0.66,-60,0.056464,0.5346,0.20584,0.24956,11.5488,2
79,5,DD08,4.77,200,0.8,8.2,9,120,0.66,-60,0.056464,0.5346,0.20584,0.24956,11.5488,2
80,5,DD08,4.67,200,0.8,8.2,9,120,0.66,-60,0.056464,0.5346,0.20584,0.24956,11.5488,2
81,5,DD08,4.57,200,0.8,8.2,9,120,0.66,-60,0.056464,0.5346,0.20584,0.24956,11.5488,2
82,5,DD08,5.6,200,0.8,8.2,9,120,0.66,-60,0.056464,0.5346,0.20584,0.24956,11.5488,2
83,6,DD08,5.03,200,0.8,8.2,9,120,0.66,-60,0.056983,0.533225,0.20903,0.249105,11.4471,4
84,6,DD08,4.89,200,0.8,8.2,9,120,0.66,-60,0.056983,0.533225,0.20903,0.249105,11.4471,4
85,6,DD08,4.92,200,0.8,8.2,9,120,0.66,-60,0.056983,0.533225,0.20903,0.249105,11.4471,4
86,6,DD08,4.88,200,0.8,8.2,9,120,0.66,-60,0.056983,0.533225,0.20903,0.249105,11.4471,4
87,6,DD08,2.99,200,0.8,8.2,9,120,0.66,-60,0.056983,0.533225,0.20903,0.249105,11.4471,4
88,6,DD08,3.28,200,0.8,8.2,9,120,0.66,-60,0.056983,0.533225,0.20903,0.249105,11.4471,4
89,6,DD08,3.48,200,0.8,8.2,9,120,0.66,-60,0.056983,0.533225,0.20903,0.249105,11.4471,4
90,6,DD08,4.3,200,0.8,8.2,7,116,0.66,-60,0.056983,0.533225,0.20903,0.249105,11.4471,4
91,6,DD08,3.07,200,0.8,8.2,7,116,0.66,-60,0.056983,0.533225,0.20903,0.249105,11.4471,4
92,6,DD08,4.24,200,0.8,8.2,7,116,0.66,-60,0.056983,0.533225,0.20903,0.249105,11.4471,4
93,6,DD08,4.44,200,0.8,8.2,7,116,0.66,-60,0.056983,0.533225,0.20903,0.249105,11.4471,4
94,6,DD08,4.25,200,0.8,8.2,7,116,0.66,-60,0.056983,0.533225,0.20903,0.249105,11.4471,4
95,6,DD08,4.72,200,0.8,8.2,7,116,0.66,-60,0.056983,0.533225,0.20903,0.249105,11.4471,4
96,6,DD08,4.7,200,0.8,8.2,7,116,0.66,-60,0.056983,0.533225,0.20903,0.249105,11.4471,4
97,6,DD08,4.16,190,0.8,8.2,9,117,0.66,-60,0.056983,0.533225,0.20903,0.249105,11.4471,4
98,6,DD08,4.2,190,0.8,8.2,9,117,0.66,-60,0.056983,0.533225,0.20903,0.249105,11.4471,4
99,6,DD08,4.34,190,0.8,8.2,9,117,0.66,-60,0.056983,0.533225,0.20903,0.249105,11.4471,4
100,6,DD08,3.92,190,0.8,8.2,9,117,0.66,-60,0.056983,0.533225,0.20903,0.249105,11.4471,4
101,6,DD08,4.19,190,0.8,8.2,9,117,0.66,-60,0.056983,0.533225,0.20903,0.249105,11.4471,4
102,6,DD08,4.12,200,0.8,8.2,9,117,0.66,-60,0.056983,0.533225,0.20903,0.249105,11.4471,4
103,6,DD08,4.12,200,0.8,8.2,9,117,0.66,-60,0.056983,0.533225,0.20903,0.249105,11.4471,4
104,6,DD08,4.11,200,0.8,8.2,9,117,0.66,-60,0.056983,0.533225,0.20903,0.249105,11.4471,4
105,6,DD08,4.37,200,0.8,8.2,9,117,0.66,-60,0.056983,0.533225,0.20903,0.249105,11.4471,4
106,6,DD08,4.62,200,0.8,8.2,9,117,0.66,-60,0.056983,0.533225,0.20903,0.249105,11.4471,4
107,6,DD08,4.21,200,0.8,8.2,9,117,0.66,-60,0.056983,0.533225,0.20903,0.249105,11.4471,4
108,6,DD08,4.36,200,0.8,8.2,9,117,0.66,-60,0.056983,0.533225,0.20903,0.249105,11.4471,4
109,7,DD08,,,0.8,7,7,117,0.66,-50,0.058,0.52099,0.21023,0.262356,11.2318,2
110,7,DD08,4.01,180,0.8,7.5,8.5,118,0.66,-50,0.058,0.52099,0.21023,0.262356,11.2318,2
111,7,DD08,3.87,220,0.8,7.5,8.5,118,0.66,-50,0.058,0.52099,0.21023,0.262356,11.2318,2
112,7,DD08,4.55,180,0.8,7.5,8.5,118,0.66,-50,0.058,0.52099,0.21023,0.262356,11.2318,2
113,7,DD08,4.01,190,0.8,7.5,8.5,118,0.66,-50,0.058,0.52099,0.21023,0.262356,11.2318,2
114,7,DD08,4.36,190,1,7.5,8.5,118,0.66,-50,0.058,0.52099,0.21023,0.262356,11.2318,2
115,7,DD08,4.28,180,1,8,8.6,119,0.66,-50,0.058,0.52099,0.21023,0.262356,11.2318,2
116,7,DD08,4.3,190,1,8,8.6,120,0.66,-50,0.058,0.52099,0.21023,0.262356,11.2318,2
117,7,DD08,4.33,190,1,8,8.6,120,0.66,-50,0.058,0.52099,0.21023,0.262356,11.2318,2
118,7,DD08,3.93,200,1,8,8.6,120,0.66,-50,0.058,0.52099,0.21023,0.262356,11.2318,2
119,7,DD08,4.07,200,1,8,8.6,120,0.66,-50,0.058,0.52099,0.21023,0.262356,11.2318,2
120,7,DD08,4.13,200,1,8,8.8,120,0.66,-50,0.058,0.52099,0.21023,0.262356,11.2318,2
121,7,DD08,4.02,200,1,8,8.8,120,0.66,-50,0.058,0.52099,0.21023,0.262356,11.2318,2
122,7,DD08,5.02,180,1,8,8.8,120,0.66,-50,0.058,0.52099,0.21023,0.262356,11.2318,2
123,7,DD08,4.98,190,1,8.2,8.6,120,0.66,-50,0.058,0.52099,0.21023,0.262356,11.2318,2
124,7,DD08,4.87,190,1,8.2,8.6,120,0.66,-50,0.058,0.52099,0.21023,0.262356,11.2318,2
125,7,DD08,4.9,190,1,8.2,8.6,120,0.66,-50,0.058,0.52099,0.21023,0.262356,11.2318,2
126,7,DD08,4.95,200,1,8.2,8.6,120,0.66,-50,0.058,0.52099,0.21023,0.262356,11.2318,2
127,7,DD08,4.98,190,1,8.2,8.6,120,0.66,-50,0.058,0.52099,0.21023,0.262356,11.2318,2
128,7,DD08,5.12,200,1,8.2,8.6,120,0.66,-50,0.058,0.52099,0.21023,0.262356,11.2318,2
129,7,DD08,4.55,200,1,8.2,8.6,120,0.66,-50,0.058,0.52099,0.21023,0.262356,11.2318,2
130,8,DD08,4.29,210,1,8.3,8.8,116,0.66,-50,0.058,0.52592,0.21284,0.255048,11.2144,2
131,8,DD08,4.37,210,1,8.3,8.8,116,0.66,-50,0.058,0.52592,0.21284,0.255048,11.2144,2
132,8,DD08,4.61,210,1,8.3,8.8,116,0.66,-50,0.058,0.52592,0.21284,0.255048,11.2144,2
133,8,DD08,4.47,200,1,8.3,8.8,116,0.66,-50,0.058,0.52592,0.21284,0.255048,11.2144,2
134,8,DD08,5.25,180,1,8.3,8.8,116,0.66,-50,0.058,0.52592,0.21284,0.255048,11.2144,2
135,8,DD08,4.18,200,1,8.3,8.8,116,0.66,-50,0.058,0.52592,0.21284,0.255048,11.2144,2
136,8,DD08,5.23,180,1,8.3,8.8,116,0.66,-50,0.058,0.52592,0.21284,0.255048,11.2144,2
137,8,DD08,4.89,190,1,8.3,8.8,116,0.66,-50,0.058,0.52592,0.21284,0.255048,11.2144,2
138,8,DD08,4.22,190,1,8.3,8.8,116,0.66,-50,0.058,0.52592,0.21284,0.255048,11.2144,2
139,8,DD08,4.41,190,1,8.2,8.8,116,0.66,-50,0.058,0.52592,0.21284,0.255048,11.2144,2
140,8,DD08,4.52,190,1,8.2,8.8,116,0.66,-50,0.058,0.52592,0.21284,0.255048,11.2144,2
141,8,DD08,4.61,190,1,8.2,8.8,116,0.66,-50,0.058,0.52592,0.21284,0.255048,11.2144,2
142,8,DD08,4.52,190,1,8.2,8.9,116,0.66,-50,0.058,0.52592,0.21284,0.255048,11.2144,2
143,8,DD08,4.6,190,1,8.2,8.9,116,0.66,-50,0.058,0.52592,0.21284,0.255048,11.2144,2
144,8,DD08,4.5,190,1,8.2,8.9,116,0.66,-50,0.058,0.52592,0.21284,0.255048,11.2144,2
145,8,DD08,4.57,190,1,8.2,8.9,116,0.66,-50,0.058,0.52592,0.21284,0.255048,11.2144,2
146,8,DD08,5.1,200,1,8.2,8.9,116,0.66,-50,0.058,0.52592,0.21284,0.255048,11.2144,2
147,8,DD08,4.97,200,1,8.2,8.9,116,0.66,-50,0.058,0.52592,0.21284,0.255048,11.2144,2
148,8,DD08,4.35,220,1,8.2,8.9,116,0.66,-50,0.058,0.52592,0.21284,0.255048,11.2144,2
149,10,DD08,4.16,180,0.9,8.2,9,113,0.66,-60,0.0565,0.5195,0.1935,0.2765,11.8,2
150,10,DD08,4,180,0.9,8.2,9,113,0.66,-40,0.0565,0.5195,0.1935,0.2765,11.8,2
151,10,DD08,5.09,180,1,8.2,9,113,0.66,-60,0.0565,0.5195,0.1935,0.2765,11.8,2
152,10,DD08,4.66,190,0.7,8.2,9,113,0.66,-40,0.0565,0.5195,0.1935,0.2765,11.8,2
153,10,DD08,5.32,190,1,8.2,9,113,0.66,-60,0.0565,0.5195,0.1935,0.2765,11.8,2
154,10,DD08,4.84,190,1,8.2,9,113,0.66,-60,0.0565,0.5195,0.1935,0.2765,11.8,2
155,10,DD08,4.15,190,0.7,8.2,9,113,0.66,-60,0.0565,0.5195,0.1935,0.2765,11.8,2
156,10,DD08,4.72,190,1,8.2,9,113,0.66,-60,0.0565,0.5195,0.1935,0.2765,11.8,2
157,10,DD08,5.38,200,1,8.2,9,113,0.66,-40,0.0565,0.5195,0.1935,0.2765,11.8,2
158,10,DD08,5.51,180,0.7,8.2,8.2,112,0.66,-60,0.0565,0.5195,0.1935,0.2765,11.8,2
159,10,DD08,3.7,180,0.7,8.2,8.2,112,0.66,-40,0.0565,0.5195,0.1935,0.2765,11.8,2
160,10,DD08,4.06,180,0.7,8.2,8.2,112,0.66,-50,0.0565,0.5195,0.1935,0.2765,11.8,2
161,10,DD08,4.9,180,0.7,8.2,8.2,112,0.66,-40,0.0565,0.5195,0.1935,0.2765,11.8,2
162,10,DD08,4.41,180,1,8.2,8.2,112,0.66,-40,0.0565,0.5195,0.1935,0.2765,11.8,2
163,10,DD08,4.54,200,1,8.2,8.2,112,0.66,-50,0.0565,0.5195,0.1935,0.2765,11.8,2
164,10,DD08,4.9,180,1,8.2,8.2,112,0.66,-50,0.0565,0.5195,0.1935,0.2765,11.8,2
165,10,DD08,5,180,1,8.2,8.2,112,0.66,-50,0.0565,0.5195,0.1935,0.2765,11.8,2
166,10,DD08,4.15,190,1.7,8.2,8.5,113,0.66,-50,0.0565,0.5195,0.1935,0.2765,11.8,2
167,10,DD08,4.34,190,1,8.2,8.5,113,0.66,-50,0.0565,0.5195,0.1935,0.2765,11.8,2
168,10,DD08,4.62,180,1,8.2,8.5,113,0.66,-50,0.0565,0.5195,0.1935,0.2765,11.8,2
169,10,DD08,4.48,180,1,8.2,8.5,113,0.66,-50,0.0565,0.5195,0.1935,0.2765,11.8,2
170,10,DD08,4.7,180,1.7,8.2,8.5,113,0.66,-40,0.0565,0.5195,0.1935,0.2765,11.8,2
171,10,DD08,3.64,180,1,8.2,8.5,113,0.66,-60,0.0565,0.5195,0.1935,0.2765,11.8,2
172,9,DD08,3.2,190,1,8.2,9,113,0.66,-60,0.056455,0.522275,0.195075,0.272465,11.788,2
173,9,DD08,3.22,200,0.7,8.2,9,113,0.66,-40,0.056455,0.522275,0.195075,0.272465,11.788,2
174,9,DD08,2.85,210,1,8.2,9,113,0.66,-60,0.056455,0.522275,0.195075,0.272465,11.788,2
175,9,DD08,3.23,200,1,8.2,9,113,0.66,-60,0.056455,0.522275,0.195075,0.272465,11.788,2
176,9,DD08,3.06,200,0.7,8.2,9,113,0.66,-60,0.056455,0.522275,0.195075,0.272465,11.788,2
177,9,DD08,3.54,190,1,8.2,9,113,0.66,-60,0.056455,0.522275,0.195075,0.272465,11.788,2
178,9,DD08,3.01,180,1,8.2,9,113,0.66,-40,0.056455,0.522275,0.195075,0.272465,11.788,2
179,9,DD08,4.25,180,0.7,8.2,8.2,112,0.66,-60,0.056455,0.522275,0.195075,0.272465,11.788,2
180,9,DD08,3.29,180,0.7,8.2,8.2,112,0.66,-40,0.056455,0.522275,0.195075,0.272465,11.788,2
181,9,DD08,4.49,190,0.7,8.2,8.2,112,0.66,-50,0.056455,0.522275,0.195075,0.272465,11.788,2
182,9,DD08,4.37,180,0.7,8.2,8.2,112,0.66,-40,0.056455,0.522275,0.195075,0.272465,11.788,2
183,9,DD08,3.95,180,1,8.2,8.2,112,0.66,-40,0.056455,0.522275,0.195075,0.272465,11.788,2
184,9,DD08,3.36,180,1,8.2,8.2,112,0.66,-50,0.056455,0.522275,0.195075,0.272465,11.788,2
185,9,DD08,3.72,180,1,8.2,8.2,112,0.66,-50,0.056455,0.522275,0.195075,0.272465,11.788,2
186,9,DD08,4.93,180,1,8.2,8.2,112,0.66,-50,0.056455,0.522275,0.195075,0.272465,11.788,2
187,9,DD08,4.62,180,1.7,8.2,8.5,113,0.66,-50,0.056455,0.522275,0.195075,0.272465,11.788,2
188,9,DD08,,,1,8.2,8.5,113,0.66,-50,0.056455,0.522275,0.195075,0.272465,11.788,2
189,9,DD08,,,1,8.2,8.5,113,0.66,-50,0.056455,0.522275,0.195075,0.272465,11.788,2
190,9,DD08,3.51,180,1,8.2,8.5,113,0.66,-50,0.056455,0.522275,0.195075,0.272465,11.788,2
191,9,DD08,5.94,180,1.7,8.2,8.5,113,0.66,-40,0.056455,0.522275,0.195075,0.272465,11.788,2
192,9,DD08,3.6,200,1,8.2,8.5,113,0.66,-60,0.056455,0.522275,0.195075,0.272465,11.788,2
193,9,DD08,3.49,180,1,8.3,8.3,112,0.66,-60,0.056455,0.522275,0.195075,0.272465,11.788,2
194,11,DD08,2.95,200,1,6.5,4.5,108,0.66,-30,0.0565,0.5195,0.1935,0.2765,11.8,2
195,11,DD08,3.43,210,1,7,7,113,0.66,-50,0.0565,0.5195,0.1935,0.2765,11.8,2
196,11,DD08,3.72,200,0.8,7,7,113,0.66,-60,0.0565,0.5195,0.1935,0.2765,11.8,2
197,11,DD08,3.14,200,0.8,7,7,113,0.66,-70,0.0565,0.5195,0.1935,0.2765,11.8,2
198,11,DD08,3.72,190,0.8,7.5,7,113,0.66,-70,0.0565,0.5195,0.1935,0.2765,11.8,2
199,11,DD08,4.48,190,0.8,7.5,7,113,0.66,-70,0.0565,0.5195,0.1935,0.2765,11.8,2
200,11,DD08,4.77,180,0.8,7.5,7,113,0.66,-70,0.0565,0.5195,0.1935,0.2765,11.8,2
201,11,DD08,3.83,180,0.8,7.5,7,113,0.66,-70,0.0565,0.5195,0.1935,0.2765,11.8,2
202,11,DD08,3.68,180,0.8,7.5,7,113,0.66,-70,0.0565,0.5195,0.1935,0.2765,11.8,2
203,11,DD08,4.61,180,0.9,8,7.8,114,0.66,-70,0.0565,0.5195,0.1935,0.2765,11.8,2
204,11,DD08,4.44,180,1,8,7.8,116,0.66,-70,0.0565,0.5195,0.1935,0.2765,11.8,2
205,11,DD08,4.16,180,1,8,7.8,116,0.66,-70,0.0565,0.5195,0.1935,0.2765,11.8,2
206,11,DD08,4.94,180,1,8,7.8,116,0.66,-70,0.0565,0.5195,0.1935,0.2765,11.8,2
207,11,DD08,5.32,170,1,8,7.8,116,0.66,-70,0.0565,0.5195,0.1935,0.2765,11.8,2
208,11,DD08,5.21,170,1,8,7.8,116,0.66,-70,0.0565,0.5195,0.1935,0.2765,11.8,2
209,11,DD08,4.24,170,1,8,7.8,116,0.66,-70,0.0565,0.5195,0.1935,0.2765,11.8,2
210,11,DD08,4.59,175,1,8,7.8,116,0.66,-70,0.0565,0.5195,0.1935,0.2765,11.8,2
211,11,DD08,4.76,170,1,8,7.8,116,0.66,-70,0.0565,0.5195,0.1935,0.2765,11.8,2
212,13,DD08,4.37,200,0.7,8.5,8.5,119,0.66,-60,0.065443,0.511935,0.175139,0.300027,11.1557,2
213,13,DD08,4.44,200,0.7,8.5,8.5,119,0.66,-60,0.065443,0.511935,0.175139,0.300027,11.1557,2
214,13,DD08,4.63,190,0.7,8.5,8.5,119,0.66,-60,0.065443,0.511935,0.175139,0.300027,11.1557,2
215,13,DD08,4.7,180,0.7,8.5,8.5,119,0.66,-60,0.065443,0.511935,0.175139,0.300027,11.1557,2
216,13,DD08,4.76,180,0.8,8.3,8.5,119,0.66,-60,0.065443,0.511935,0.175139,0.300027,11.1557,2
217,13,DD08,4.144,200,0.8,8.3,8,119,0.66,-60,0.065443,0.511935,0.175139,0.300027,11.1557,2
218,13,DD08,4.16,200,0.8,8.3,8,119,0.66,-60,0.065443,0.511935,0.175139,0.300027,11.1557,2
219,13,DD08,4.4,180,0.8,7.5,8,119,0.66,-60,0.065443,0.511935,0.175139,0.300027,11.1557,2
220,13,DD08,3.77,220,0.8,7.5,8,119,0.66,-60,0.065443,0.511935,0.175139,0.300027,11.1557,2
221,13,DD08,4.19,170,0.8,7.5,8,119,0.66,-60,0.065443,0.511935,0.175139,0.300027,11.1557,2
222,13,DD08,3.97,220,0.7,7.5,8,119,0.66,-60,0.065443,0.511935,0.175139,0.300027,11.1557,2
223,13,DD08,3.76,210,0.7,7.5,8,119,0.66,-60,0.065443,0.511935,0.175139,0.300027,11.1557,2
224,13,DD08,3.61,210,0.7,8.5,8.5,119,0.66,-60,0.065443,0.511935,0.175139,0.300027,11.1557,2
225,13,DD08,3.57,210,0.7,8.5,8.5,119,0.66,-60,0.065443,0.511935,0.175139,0.300027,11.1557,2
226,14,DD08,4.13,210,0.7,5,5,111,0.66,-10,0.054,0.135,0.587,0.28,10.4,1
227,14,DD08,4.3,190,0.7,7,7.5,111,0.66,-10,0.054,0.135,0.587,0.28,10.4,1
228,14,DD08,3.61,180,0.7,7,7.5,111,0.66,-10,0.054,0.135,0.587,0.28,10.4,1
229,14,DD08,3.2,180,0.7,7,7.5,111,0.66,-10,0.054,0.135,0.587,0.28,10.4,1
230,14,DD08,3.51,180,0.7,7,7.5,111,0.66,-10,0.054,0.135,0.587,0.28,10.4,1
231,14,DD08,3.49,190,0.7,7,7.5,111,0.66,-10,0.054,0.135,0.587,0.28,10.4,1
232,14,DD08,3.54,190,0.7,7,7.5,111,0.66,-10,0.054,0.135,0.587,0.28,10.4,1
233,14,DD08,3.61,190,0.7,7,7.5,111,0.66,-10,0.054,0.135,0.587,0.28,10.4,1
234,14,DD08,3.12,190,0.7,7,7.5,111,0.66,-10,0.054,0.135,0.587,0.28,10.4,1
235,14,DD08,3.45,180,0.7,7,7.5,111,0.66,-10,0.054,0.135,0.587,0.28,10.4,1
236,14,DD08,3.45,180,0.7,7,7.5,111,0.66,-10,0.054,0.135,0.587,0.28,10.4,1
237,14,DD08,3.12,190,0.7,7,7.5,111,0.66,-10,0.054,0.135,0.587,0.28,10.4,1
238,14,DD08,3.32,190,0.7,7,7.5,111,0.66,-10,0.054,0.135,0.587,0.28,10.4,1
239,14,DD08,3.51,190,0.7,7,7.5,111,0.66,-10,0.054,0.135,0.587,0.28,10.4,1
240,14,DD08,3.29,190,0.7,7,7.5,111,0.66,-10,0.054,0.135,0.587,0.28,10.4,1
241,14,DD08,3.4,190,0.7,7,7.5,111,0.66,-10,0.054,0.135,0.587,0.28,10.4,1
242,14,DD08,3.23,190,0.7,7,7.5,111,0.66,-10,0.054,0.135,0.587,0.28,10.4,1
243,14,DD08,2.88,190,0.7,7,7.5,111,0.66,-10,0.054,0.135,0.587,0.28,10.4,1
244,14,DD08,3.11,190,0.7,7,7.5,111,0.66,-10,0.054,0.135,0.587,0.28,10.4,1
245,14,DD08,3.58,180,0.7,7,7.5,111,0.66,-10,0.054,0.135,0.587,0.28,10.4,1
246,14,DD08,3.55,180,0.7,7,7.5,111,0.66,-10,0.054,0.135,0.587,0.28,10.4,1
247,15,DD08,3.1,200,0.7,7,7.5,115,0.66,-10,0.054,0.135,0.587,0.28,10.4,1
248,15,DD08,2.74,200,0.7,6.5,7.5,115,0.66,-10,0.054,0.135,0.587,0.28,10.4,1
249,15,DD08,3.22,200,0.7,6,7.5,115,0.66,-10,0.054,0.135,0.587,0.28,10.4,1
250,15,DD08,3.28,210,0.7,6,7.5,115,0.66,-10,0.054,0.135,0.587,0.28,10.4,1
251,15,DD08,3.32,200,0.7,6,8,115,0.66,-10,0.054,0.135,0.587,0.28,10.4,1
252,15,DD08,3.23,200,0.7,6,8,115,0.66,-10,0.054,0.135,0.587,0.28,10.4,1
253,15,DD08,3.85,200,0.7,6,8,115,0.66,-10,0.054,0.135,0.587,0.28,10.4,1
254,15,DD08,3.72,200,0.7,6,8,115,0.66,-10,0.054,0.135,0.587,0.28,10.4,1
255,15,DD08,3.06,210,0.7,6,8,115,0.66,-10,0.054,0.135,0.587,0.28,10.4,1
256,15,DD08,3.62,210,0.7,6,8,115,0.66,-10,0.054,0.135,0.587,0.28,10.4,1
257,15,DD08,3.56,210,0.7,6,8,115,0.66,-10,0.054,0.135,0.587,0.28,10.4,1
258,15,DD08,3.37,220,0.7,6,8,115,0.66,-10,0.054,0.135,0.587,0.28,10.4,1
259,15,DD08,4.19,210,0.7,6,8,115,0.66,-10,0.054,0.135,0.587,0.28,10.4,1
260,15,DD08,3.5,220,0.7,6,8,115,0.66,-10,0.054,0.135,0.587,0.28,10.4,1
261,15,DD08,3.32,220,0.7,6,8,115,0.66,-10,0.054,0.135,0.587,0.28,10.4,1
262,15,DD08,3.36,210,0.7,6,8,115,0.66,-10,0.054,0.135,0.587,0.28,10.4,1
263,15,DD08,4.43,190,0.7,6,8,118,0.66,-10,0.054,0.135,0.587,0.28,10.4,1
264,15,DD08,3.98,220,0.8,6,8,118,0.66,-10,0.054,0.135,0.587,0.28,10.4,1
265,15,DD08,4.35,190,0.8,6,7.5,118,0.66,-10,0.054,0.135,0.587,0.28,10.4,1
266,15,DD08,3.7,180,0.8,6,7.5,118,0.66,-10,0.054,0.135,0.587,0.28,10.4,1
267,15,DD08,3.52,210,0.9,6.5,8,118,0.66,-10,0.054,0.135,0.587,0.28,10.4,1
268,15,DD08,3.59,210,0.9,6.5,8,118,0.66,-10,0.054,0.135,0.587,0.28,10.4,1
269,15,DD08,3.6,210,0.9,6.5,8,118,0.66,-10,0.054,0.135,0.587,0.28,10.4,1
270,15,DD08,3.66,210,0.9,6.5,8,118,0.66,-10,0.054,0.135,0.587,0.28,10.4,1
271,16,DD08,3.33,180,0.9,6.5,8,118,0.66,-10,0.057003,0.342207,0.444572,0.213505,10.7861,2
272,16,DD08,3.55,180,0.9,6.5,8,118,0.66,-10,0.057003,0.342207,0.444572,0.213505,10.7861,2
273,16,DD08,3.67,190,0.9,6.5,8,118,0.66,-10,0.057003,0.342207,0.444572,0.213505,10.7861,2
274,16,DD08,3.14,180,0.9,6.5,8,118,0.66,-10,0.057003,0.342207,0.444572,0.213505,10.7861,2
275,16,DD08,3.61,200,0.9,6.5,8,118,0.66,-10,0.057003,0.342207,0.444572,0.213505,10.7861,2
276,16,DD08,3.45,200,0.9,6.5,8,118,0.66,-10,0.057003,0.342207,0.444572,0.213505,10.7861,2
277,16,DD08,4,210,0.9,6.5,8,118,0.66,-10,0.057003,0.342207,0.444572,0.213505,10.7861,2
278,16,DD08,3.33,210,0.9,6,7,117,0.66,-15,0.057003,0.342207,0.444572,0.213505,10.7861,2
279,16,DD08,3.21,190,0.9,7,7.5,117,0.66,-15,0.057003,0.342207,0.444572,0.213505,10.7861,2
280,16,DD08,3.46,190,0.9,7,7.5,117,0.66,-15,0.057003,0.342207,0.444572,0.213505,10.7861,2
281,16,DD08,2.93,190,0.9,7,7.5,117,0.66,-15,0.057003,0.342207,0.444572,0.213505,10.7861,2
282,16,DD08,4.12,190,0.9,7,7.5,117,0.66,-20,0.057003,0.342207,0.444572,0.213505,10.7861,2
283,16,DD08,3.51,180,0.9,7,7.5,117,0.66,-20,0.057003,0.342207,0.444572,0.213505,10.7861,2
284,16,DD08,3.51,180,0.9,7,7.5,116,0.66,-20,0.057003,0.342207,0.444572,0.213505,10.7861,2
285,16,DD08,2.57,190,0.9,7,7.5,116,0.66,-20,0.057003,0.342207,0.444572,0.213505,10.7861,2
286,16,DD08,3.19,190,0.9,7,7.5,116,0.66,-20,0.057003,0.342207,0.444572,0.213505,10.7861,2
287,16,DD08,3.22,200,0.9,7,7.5,116,0.66,-20,0.057003,0.342207,0.444572,0.213505,10.7861,2
288,16,DD08,3.13,190,0.9,7,7.5,116,0.66,-20,0.057003,0.342207,0.444572,0.213505,10.7861,2
289,16,DD08,3.28,190,0.9,7,7.5,116,0.66,-20,0.057003,0.342207,0.444572,0.213505,10.7861,2
290,16,DD08,3.44,180,0.9,6.7,7.5,116,0.66,-20,0.057003,0.342207,0.444572,0.213505,10.7861,2
291,16,DD08,3.51,200,0.9,6.7,7.5,116,0.66,-20,0.057003,0.342207,0.444572,0.213505,10.7861,2
292,16,DD08,2.96,190,0.9,6.7,7.5,116,0.66,-20,0.057003,0.342207,0.444572,0.213505,10.7861,2
293,16,DD08,2.83,190,0.9,6.7,7.5,116,0.66,-40,0.057003,0.342207,0.444572,0.213505,10.7861,2
294,16,DD08,3.01,190,0.9,6.7,7.5,116,0.66,-40,0.057003,0.342207,0.444572,0.213505,10.7861,2
295,16,DD08,3.15,190,0.9,6.7,7.5,116,0.66,-40,0.057003,0.342207,0.444572,0.213505,10.7861,2
296,16,DD08,3.19,190,0.9,6.7,7.5,116,0.66,-40,0.057003,0.342207,0.444572,0.213505,10.7861,2
297,16,DD08,3.42,190,0.9,6.7,8,116,0.66,-40,0.057003,0.342207,0.444572,0.213505,10.7861,2
298,17,DD08,3.46,210,0.9,6.5,6,113,0.66,-40,0.060943,0.564351,0.229223,0.197958,11.1692,3
299,17,DD08,3.34,220,0.7,6.5,7,113,0.66,-40,0.060943,0.564351,0.229223,0.197958,11.1692,3
300,17,DD08,3.01,220,0.7,6.5,7,113,0.66,-40,0.060943,0.564351,0.229223,0.197958,11.1692,3
301,17,DD08,3.54,230,0.7,6.2,8,113,0.66,-40,0.060943,0.564351,0.229223,0.197958,11.1692,3
302,17,DD08,3.52,230,0.7,6.2,8,113,0.66,-40,0.060943,0.564351,0.229223,0.197958,11.1692,3
303,17,DD08,3.73,200,0.7,6.2,8,113,0.66,-40,0.060943,0.564351,0.229223,0.197958,11.1692,3
304,17,DD08,4.34,220,0.7,6.2,8,113,0.66,-40,0.060943,0.564351,0.229223,0.197958,11.1692,3
305,17,DD08,4.34,210,0.7,6.2,8,113,0.66,-40,0.060943,0.564351,0.229223,0.197958,11.1692,3
306,17,DD08,4.09,220,0.7,6.2,8,113,0.66,-40,0.060943,0.564351,0.229223,0.197958,11.1692,3
307,17,DD08,4.12,220,0.7,6.2,8,113,0.66,-40,0.060943,0.564351,0.229223,0.197958,11.1692,3
308,17,DD08,4.23,220,0.7,6.2,8,113,0.66,-40,0.060943,0.564351,0.229223,0.197958,11.1692,3
309,17,DD08,4.4,210,0.7,6.2,8,103,0.66,-40,0.060943,0.564351,0.229223,0.197958,11.1692,3
310,17,DD08,4.37,210,0.7,6.2,8,118,0.66,-40,0.060943,0.564351,0.229223,0.197958,11.1692,3
311,17,DD08,4.43,210,0.7,6.2,8,118,0.66,-40,0.060943,0.564351,0.229223,0.197958,11.1692,3
312,17,DD08,4.4,210,0.7,6.2,8,118,0.66,-40,0.060943,0.564351,0.229223,0.197958,11.1692,3
313,17,DD08,4.81,210,0.7,6.2,8,118,0.66,-10,0.060943,0.564351,0.229223,0.197958,11.1692,3
314,17,DD08,4,220,0.7,6.2,8,118,0.66,-10,0.060943,0.564351,0.229223,0.197958,11.1692,3
315,17,DD08,3.88,220,0.7,6.2,8,118,0.66,-10,0.060943,0.564351,0.229223,0.197958,11.1692,3
316,17,DD08,4.9,210,0.7,6.2,8,118,0.66,-10,0.060943,0.564351,0.229223,0.197958,11.1692,3
317,17,DD08,3.51,230,0.7,6.2,8,118,0.66,-10,0.060943,0.564351,0.229223,0.197958,11.1692,3
318,17,DD08,4.14,210,0.7,6.2,8,118,0.66,-10,0.060943,0.564351,0.229223,0.197958,11.1692,3
319,17,DD08,3.08,230,0.7,6.2,8,118,0.66,-10,0.060943,0.564351,0.229223,0.197958,11.1692,3
320,17,DD08,4.86,220,0.7,6.2,8,118,0.66,-10,0.060943,0.564351,0.229223,0.197958,11.1692,3
321,18,DD08,3.5,230,0.7,6.5,8,114,0.66,-40,0.060895,0.568131,0.231151,0.192712,11.1716,4
322,18,DD08,4.94,190,0.7,6.5,8,114,0.66,-40,0.060895,0.568131,0.231151,0.192712,11.1716,4
323,18,DD08,3.74,200,0.7,6.5,8,114,0.66,-40,0.060895,0.568131,0.231151,0.192712,11.1716,4
324,18,DD08,4.44,200,0.7,6.5,8,114,0.66,-40,0.060895,0.568131,0.231151,0.192712,11.1716,4
325,18,DD08,3.91,210,0.7,6.5,8,114,0.66,-40,0.060895,0.568131,0.231151,0.192712,11.1716,4
326,18,DD08,4.41,200,0.7,6.5,8,114,0.66,-40,0.060895,0.568131,0.231151,0.192712,11.1716,4
327,18,DD08,4.3,210,0.7,6.5,8,114,0.66,-40,0.060895,0.568131,0.231151,0.192712,11.1716,4
328,18,DD08,4.42,200,0.7,6.5,8,114,0.66,-40,0.060895,0.568131,0.231151,0.192712,11.1716,4
329,18,DD08,3.99,210,0.7,6.5,8,114,0.66,-40,0.060895,0.568131,0.231151,0.192712,11.1716,4
330,18,DD08,3.47,210,0.7,6.5,8,114,0.66,-40,0.060895,0.568131,0.231151,0.192712,11.1716,4
331,18,DD08,3.69,200,0.7,6.5,8,114,0.66,-40,0.060895,0.568131,0.231151,0.192712,11.1716,4
332,19,DD08,3.01,190,0.7,7,6,110,0.66,-50,0.061,0.562494,0.228204,0.200603,11.1724,4
333,19,DD08,3.05,210,0.7,6.5,7,110,0.66,-50,0.061,0.562494,0.228204,0.200603,11.1724,4
334,19,DD08,3.34,200,0.7,6.5,8,110,0.66,-50,0.061,0.562494,0.228204,0.200603,11.1724,4
335,19,DD08,3.52,190,0.7,6.5,8,110,0.66,-50,0.061,0.562494,0.228204,0.200603,11.1724,4
336,19,DD08,3.49,190,0.7,6.5,8,110,0.66,-50,0.061,0.562494,0.228204,0.200603,11.1724,4
337,19,DD08,3.93,190,0.7,6.5,8,110,0.66,-50,0.061,0.562494,0.228204,0.200603,11.1724,4
338,19,DD08,3.89,190,0.7,6.5,8,110,0.66,-50,0.061,0.562494,0.228204,0.200603,11.1724,4
339,19,DD08,3.67,180,0.7,6.5,8,110,0.66,-50,0.061,0.562494,0.228204,0.200603,11.1724,4
340,19,DD08,3.62,180,0.7,6.5,8,110,0.66,-50,0.061,0.562494,0.228204,0.200603,11.1724,4
341,19,DD08,3.52,180,0.7,6.5,8,110,0.66,-50,0.061,0.562494,0.228204,0.200603,11.1724,4
342,19,DD08,2.99,210,0.7,6.5,8,110,0.66,-50,0.061,0.562494,0.228204,0.200603,11.1724,4
343,19,DD08,3.22,200,0.7,6.5,8,110,0.66,-50,0.061,0.562494,0.228204,0.200603,11.1724,4
344,19,DD08,3.41,200,0.7,6.5,8,110,0.66,-50,0.061,0.562494,0.228204,0.200603,11.1724,4
345,19,DD08,3.93,190,0.7,6.5,8,110,0.66,-50,0.061,0.562494,0.228204,0.200603,11.1724,4
346,19,DD08,3.76,190,0.7,6.5,8,110,0.66,-50,0.061,0.562494,0.228204,0.200603,11.1724,4
347,19,DD08,4.62,190,0.7,6.5,8,110,0.66,-50,0.061,0.562494,0.228204,0.200603,11.1724,4
348,19,DD08,4.12,180,0.7,6.5,8,111,0.66,-50,0.061,0.562494,0.228204,0.200603,11.1724,4
349,19,DD08,4.01,180,0.7,6.5,8,111,0.66,-50,0.061,0.562494,0.228204,0.200603,11.1724,4
350,19,DD08,4.22,180,0.7,6.5,8,111,0.66,-50,0.061,0.562494,0.228204,0.200603,11.1724,4
351,19,DD08,4.56,180,0.7,6.5,8,111,0.66,-50,0.061,0.562494,0.228204,0.200603,11.1724,4
352,21,DD08,3.83,190,0.8,6.3,7,120,0.66,-40,0.05916,0.548035,0.223475,0.21759,11.3605,2
353,21,DD08,3.5,200,0.8,6.3,7,120,0.66,-40,0.05916,0.548035,0.223475,0.21759,11.3605,2
354,21,DD08,4.24,190,0.8,6.3,7,120,0.66,-40,0.05916,0.548035,0.223475,0.21759,11.3605,2
355,21,DD08,3.34,190,0.8,6.3,7,120,0.66,-40,0.05916,0.548035,0.223475,0.21759,11.3605,2
356,21,DD08,3.42,190,0.8,6.3,7,120,0.66,-40,0.05916,0.548035,0.223475,0.21759,11.3605,2
357,21,DD08,4.07,190,0.8,6.3,7,120,0.66,-40,0.05916,0.548035,0.223475,0.21759,11.3605,2
358,21,DD08,3.8,190,0.8,6.3,7,120,0.66,-40,0.05916,0.548035,0.223475,0.21759,11.3605,2
359,21,DD08,3.83,190,0.8,6.3,7,120,0.66,-40,0.05916,0.548035,0.223475,0.21759,11.3605,2
360,21,DD08,3.4,210,0.8,6.3,7,120,0.66,-40,0.05916,0.548035,0.223475,0.21759,11.3605,2
361,21,DD08,3.74,200,0.8,6.3,7,120,0.66,-40,0.05916,0.548035,0.223475,0.21759,11.3605,2
362,21,DD08,3.55,200,0.8,6.3,7,120,0.66,-40,0.05916,0.548035,0.223475,0.21759,11.3605,2
363,21,DD08,3.4,200,0.8,6.3,7,120,0.66,-40,0.05916,0.548035,0.223475,0.21759,11.3605,2
364,21,DD08,3.02,220,0.8,6.3,7,120,0.66,-40,0.05916,0.548035,0.223475,0.21759,11.3605,2
365,21,DD08,3.35,210,0.8,6.3,7,120,0.66,-40,0.05916,0.548035,0.223475,0.21759,11.3605,2
366,21,DD08,3.83,220,0.8,6.3,7,120,0.66,-40,0.05916,0.548035,0.223475,0.21759,11.3605,2
367,21,DD08,3.7,220,0.8,6.3,7,120,0.66,-40,0.05916,0.548035,0.223475,0.21759,11.3605,2
368,21,DD08,3.7,200,0.8,6.3,7,120,0.66,-40,0.05916,0.548035,0.223475,0.21759,11.3605,2
369,21,DD08,3.87,200,0.8,6.3,7,120,0.66,-40,0.05916,0.548035,0.223475,0.21759,11.3605,2
370,21,DD08,3.88,200,0.8,6.3,7,120,0.66,-40,0.05916,0.548035,0.223475,0.21759,11.3605,2
371,21,DD08,4.04,180,0.8,6.3,6.5,120,0.66,-45,0.05916,0.548035,0.223475,0.21759,11.3605,2
372,21,DD08,3.24,210,0.8,6.3,6.5,120,0.66,-40,0.05916,0.548035,0.223475,0.21759,11.3605,2
373,21,DD08,3.17,210,0.8,6.3,6.5,120,0.66,-40,0.05916,0.548035,0.223475,0.21759,11.3605,2
374,21,DD08,3.46,210,0.8,6.3,7,120,0.66,-40,0.05916,0.548035,0.223475,0.21759,11.3605,2
375,22,DD08,3.51,180,0.9,6.3,7,118,0.66,-40,0.059152,0.548202,0.22357,0.217348,11.3606,2
376,22,DD08,3.6,180,0.9,6.3,7,118,0.66,-40,0.059152,0.548202,0.22357,0.217348,11.3606,2
377,22,DD08,3.44,190,0.9,6.3,7,118,0.66,-40,0.059152,0.548202,0.22357,0.217348,11.3606,2
378,22,DD08,3.28,180,0.9,6.3,7,118,0.66,-40,0.059152,0.548202,0.22357,0.217348,11.3606,2
379,22,DD08,9.1,200,0.9,6.3,7,118,0.66,-40,0.059152,0.548202,0.22357,0.217348,11.3606,2
380,22,DD08,4.97,200,0.9,6.3,7,118,0.66,-40,0.059152,0.548202,0.22357,0.217348,11.3606,2
381,22,DD08,4.63,210,0.9,6.6,7,118,0.66,-40,0.059152,0.548202,0.22357,0.217348,11.3606,2
382,22,DD08,4.67,210,0.9,6.6,7,118,0.66,-40,0.059152,0.548202,0.22357,0.217348,11.3606,2
383,22,DD08,3.3,190,0.9,6.6,7,118,0.66,-40,0.059152,0.548202,0.22357,0.217348,11.3606,2
384,22,DD08,3.09,190,0.9,6.6,7,118,0.66,-40,0.059152,0.548202,0.22357,0.217348,11.3606,2
385,22,DD08,5.11,190,0.9,6.6,7,118,0.66,-40,0.059152,0.548202,0.22357,0.217348,11.3606,2
386,22,DD08,3.02,190,0.9,6.6,7,118,0.66,-40,0.059152,0.548202,0.22357,0.217348,11.3606,2
387,22,DD08,3.04,180,0.9,6.6,7,118,0.66,-40,0.059152,0.548202,0.22357,0.217348,11.3606,2
388,22,DD08,4.23,180,0.9,6.6,7,118,0.66,-40,0.059152,0.548202,0.22357,0.217348,11.3606,2
389,22,DD08,3.24,190,0.9,6.6,7,118,0.66,-40,0.059152,0.548202,0.22357,0.217348,11.3606,2
390,22,DD08,3.44,190,0.9,6.6,7,118,0.66,-40,0.059152,0.548202,0.22357,0.217348,11.3606,2
391,22,DD08,3.17,200,0.9,6.6,7,118,0.66,-40,0.059152,0.548202,0.22357,0.217348,11.3606,2
392,23,DD08,3.07,190,0.9,6.5,7,119,0.66,-40,0.0608,0.5138,0.204,0.2672,11.34,2
393,23,DD08,4.46,190,0.9,6.5,7.5,119,0.66,-30,0.0608,0.5138,0.204,0.2672,11.34,2
394,23,DD08,3.04,180,0.8,6.5,7.5,119,0.66,-30,0.0608,0.5138,0.204,0.2672,11.34,2
395,23,DD08,3.94,,0.8,6.5,7,119,0.66,-30,0.0608,0.5138,0.204,0.2672,11.34,2
396,26,DD08,4.15,200,0.8,6,7.5,113,0.66,-40,0.058222,0.500436,0.242716,0.232084,10.9192,3
397,26,DD08,3.88,200,0.8,6,7.5,113,0.66,-40,0.058222,0.500436,0.242716,0.232084,10.9192,3
398,26,DD08,3.85,200,0.8,6,7.5,113,0.66,-40,0.058222,0.500436,0.242716,0.232084,10.9192,3
399,26,DD08,3.47,200,0.8,6,7.5,113,0.66,-40,0.058222,0.500436,0.242716,0.232084,10.9192,3
400,26,DD08,3.48,200,0.8,6,7.5,114,0.66,-40,0.058222,0.500436,0.242716,0.232084,10.9192,3
401,24,DD08,2.85,200,0.8,6,6,119,0.66,-40,0.063014,0.360451,0.30331,0.242949,9.3506,3
402,24,DD08,3.08,200,0.8,6,7,119,0.66,-45,0.063014,0.360451,0.30331,0.242949,9.3506,3
403,24,DD08,3.32,200,0.8,6,7,119,0.66,-45,0.063014,0.360451,0.30331,0.242949,9.3506,3
404,24,DD08,3.34,200,0.8,6,7,119,0.66,-45,0.063014,0.360451,0.30331,0.242949,9.3506,3
405,24,DD08,4.05,190,0.8,6,7.5,119,0.66,-45,0.063014,0.360451,0.30331,0.242949,9.3506,3
406,24,DD08,3.68,190,0.8,6,7.5,119,0.66,-45,0.063014,0.360451,0.30331,0.242949,9.3506,3
407,24,DD08,3.7,190,0.8,6,7.5,110,0.66,-45,0.063014,0.360451,0.30331,0.242949,9.3506,3
408,24,DD08,3.63,200,0.8,6,7.5,110,0.66,-40,0.063014,0.360451,0.30331,0.242949,9.3506,3
409,24,DD08,3.58,200,0.8,6,7.5,110,0.66,-40,0.063014,0.360451,0.30331,0.242949,9.3506,3
410,24,DD08,3.66,200,0.8,6,7.5,110,0.66,-40,0.063014,0.360451,0.30331,0.242949,9.3506,3
411,24,DD08,3.81,200,0.8,6,7.5,110,0.66,-40,0.063014,0.360451,0.30331,0.242949,9.3506,3
412,24,DD08,3.61,200,0.8,6,7.5,110,0.66,-40,0.063014,0.360451,0.30331,0.242949,9.3506,3
413,24,DD08,3.72,200,0.8,6,7.5,110,0.66,-40,0.063014,0.360451,0.30331,0.242949,9.3506,3
414,24,DD08,3.66,200,0.8,6,7.5,110,0.66,-40,0.063014,0.360451,0.30331,0.242949,9.3506,3
415,24,DD08,3.6,200,0.8,6,7.5,116,0.66,-40,0.063014,0.360451,0.30331,0.242949,9.3506,3
416,24,DD08,3.27,210,0.8,6,7.5,116,0.66,-40,0.063014,0.360451,0.30331,0.242949,9.3506,3
417,24,DD08,4.08,210,0.8,6,7.5,116,0.66,-40,0.063014,0.360451,0.30331,0.242949,9.3506,3
418,24,DD08,4.05,190,0.8,6,7.5,116,0.66,-40,0.063014,0.360451,0.30331,0.242949,9.3506,3
419,24,DD08,3.14,210,0.8,6,7,116,0.66,-40,0.063014,0.360451,0.30331,0.242949,9.3506,3
420,24,DD08,4.19,210,0.8,6,7,116,0.66,-40,0.063014,0.360451,0.30331,0.242949,9.3506,3
421,24,DD08,5.05,210,0.8,6,7,116,0.66,-40,0.063014,0.360451,0.30331,0.242949,9.3506,3
422,24,DD08,3.9,200,0.8,6,7,116,0.66,-40,0.063014,0.360451,0.30331,0.242949,9.3506,3
423,25,DD08,3.45,210,0.8,6,7.5,113,0.66,-40,0.0619,0.386735,0.30101,0.228885,9.583,2
424,25,DD08,4.27,190,0.8,6,7.5,113,0.66,-40,0.0619,0.386735,0.30101,0.228885,9.583,2
425,25,DD08,4.43,200,0.8,6,7.5,113,0.66,-40,0.0619,0.386735,0.30101,0.228885,9.583,2
426,25,DD08,4.4,200,0.8,6,7.5,113,0.66,-40,0.0619,0.386735,0.30101,0.228885,9.583,2
427,25,DD08,3.72,200,0.8,6,7.5,113,0.66,-40,0.0619,0.386735,0.30101,0.228885,9.583,2
428,25,DD08,3.88,200,0.8,6,7.5,113,0.66,-40,0.0619,0.386735,0.30101,0.228885,9.583,2
429,25,DD08,4.97,200,0.8,6,7.5,113,0.66,-40,0.0619,0.386735,0.30101,0.228885,9.583,2
430,25,DD08,4.98,200,0.8,6,7.5,113,0.66,-40,0.0619,0.386735,0.30101,0.228885,9.583,2
431,25,DD08,4.62,200,0.8,6,7.5,113,0.66,-40,0.0619,0.386735,0.30101,0.228885,9.583,2
432,25,DD08,4.14,200,0.8,6,7.5,113,0.66,-40,0.0619,0.386735,0.30101,0.228885,9.583,2
433,25,DD08,4.21,200,0.8,6,7.5,113,0.66,-40,0.0619,0.386735,0.30101,0.228885,9.583,2
434,25,DD08,3.93,200,0.8,6,7.5,113,0.66,-40,0.0619,0.386735,0.30101,0.228885,9.583,2
435,25,DD08,3.4,210,0.8,6,7.5,113,0.66,-40,0.0619,0.386735,0.30101,0.228885,9.583,2
436,25,DD08,3.71,210,0.8,6,7.5,113,0.66,-40,0.0619,0.386735,0.30101,0.228885,9.583,2
437,25,DD08,4.01,210,0.8,6,7.5,113,0.66,-40,0.0619,0.386735,0.30101,0.228885,9.583,2
438,25,DD08,4.17,210,0.8,6,7.5,113,0.66,-40,0.0619,0.386735,0.30101,0.228885,9.583,2
439,25,DD08,3.32,210,0.8,6,7.5,113,0.66,-40,0.0619,0.386735,0.30101,0.228885,9.583,2
440,25,DD08,4.9,210,0.8,6,7.5,113,0.66,-40,0.0619,0.386735,0.30101,0.228885,9.583,2
441,25,DD08,3.27,210,0.8,6,7.5,113,0.66,-40,0.0619,0.386735,0.30101,0.228885,9.583,2
442,25,DD08,3.76,210,0.8,6,7.5,113,0.66,-40,0.0619,0.386735,0.30101,0.228885,9.583,2
443,25,DD08,4.01,210,0.8,6,7.5,113,0.66,-40,0.0619,0.386735,0.30101,0.228885,9.583,2
444,25,DD08,4.12,210,0.8,6,7.5,113,0.66,-40,0.0619,0.386735,0.30101,0.228885,9.583,2
445,25,DD08,4.21,200,0.8,6,7.5,113,0.66,-40,0.0619,0.386735,0.30101,0.228885,9.583,2
446,25,DD08,3.77,200,0.8,6,7.5,113,0.66,-40,0.0619,0.386735,0.30101,0.228885,9.583,2
447,29,DD08,3.74,210,0.8,5.9,8,110,0.66,-40,0.057432,0.558345,0.191689,0.239386,12.5417,2
448,29,DD08,4.32,210,0.75,5.9,8,110,0.66,-30,0.057432,0.558345,0.191689,0.239386,12.5417,2
449,29,DD08,4.73,200,0.75,5.9,8,110,0.66,-30,0.057432,0.558345,0.191689,0.239386,12.5417,2
450,29,DD08,4.58,200,0.75,5.9,8,110,0.66,-30,0.057432,0.558345,0.191689,0.239386,12.5417,2
451,29,DD08,4.25,200,0.75,6,8,110,0.66,-30,0.057432,0.558345,0.191689,0.239386,12.5417,2
452,29,DD08,4.09,200,0.75,6,8,111,0.66,-30,0.057432,0.558345,0.191689,0.239386,12.5417,2
453,29,DD08,3.79,210,0.75,6,8,111,0.66,-30,0.057432,0.558345,0.191689,0.239386,12.5417,2
454,29,DD08,3.81,210,0.75,6,8,111,0.66,-30,0.057432,0.558345,0.191689,0.239386,12.5417,2
455,29,DD08,3.92,210,0.75,5.8,8,111,0.66,-30,0.057432,0.558345,0.191689,0.239386,12.5417,2
456,29,DD08,4.16,210,0.75,5.8,8,111,0.66,-30,0.057432,0.558345,0.191689,0.239386,12.5417,2
457,29,DD08,4.34,210,0.75,5.8,8,111,0.66,-30,0.057432,0.558345,0.191689,0.239386,12.5417,2
458,29,DD08,4.25,220,0.75,5.8,8,111,0.66,-30,0.057432,0.558345,0.191689,0.239386,12.5417,2
459,29,DD08,4,200,0.75,5.9,8,111,0.66,-30,0.057432,0.558345,0.191689,0.239386,12.5417,2
460,29,DD08,4.4,220,0.75,5.9,8,112,0.66,-20,0.057432,0.558345,0.191689,0.239386,12.5417,2
461,29,DD08,4.67,200,0.75,5.9,8,112,0.66,-20,0.057432,0.558345,0.191689,0.239386,12.5417,2
462,29,DD08,4.21,200,0.75,5.9,8,111,0.66,-20,0.057432,0.558345,0.191689,0.239386,12.5417,2
463,29,DD08,3.82,220,0.75,5.9,8,111,0.66,-20,0.057432,0.558345,0.191689,0.239386,12.5417,2
464,29,DD08,4.02,210,0.75,5.9,8,111,0.66,-20,0.057432,0.558345,0.191689,0.239386,12.5417,2
465,29,DD08,3.09,200,0.75,5.9,8,111,0.66,-20,0.057432,0.558345,0.191689,0.239386,12.5417,2
466,29,DD08,3.09,210,0.75,5.9,8,111,0.66,-20,0.057432,0.558345,0.191689,0.239386,12.5417,2
467,29,DD08,3.4,210,0.75,5.9,8,111,0.66,-20,0.057432,0.558345,0.191689,0.239386,12.5417,2
468,29,DD08,3.63,210,0.75,5.9,8,111,0.66,-20,0.057432,0.558345,0.191689,0.239386,12.5417,2
469,29,DD08,3.76,200,0.75,5.9,8,111,0.66,-20,0.057432,0.558345,0.191689,0.239386,12.5417,2
470,29,DD08,3.55,200,0.75,5.9,8,111,0.66,-20,0.057432,0.558345,0.191689,0.239386,12.5417,2
471,27,DD08,3.49,170,0.75,6,6,109,0.66,-40,0.057584,0.55464,0.190568,0.243832,12.4904,2
472,27,DD08,3.36,180,0.75,6.5,7,110,0.66,-40,0.057584,0.55464,0.190568,0.243832,12.4904,2
473,27,DD08,3.13,200,0.8,6.3,7,110,0.66,-40,0.057584,0.55464,0.190568,0.243832,12.4904,2
474,27,DD08,3.77,200,0.8,6,6.6,110,0.66,-30,0.057584,0.55464,0.190568,0.243832,12.4904,2
475,27,DD08,3.35,210,0.8,6,7,111,0.66,-30,0.057584,0.55464,0.190568,0.243832,12.4904,2
476,27,DD08,3.85,200,0.8,5.6,7,111,0.66,-30,0.057584,0.55464,0.190568,0.243832,12.4904,2
477,27,DD08,4.13,200,0.8,5.6,7.2,111,0.66,-30,0.057584,0.55464,0.190568,0.243832,12.4904,2
478,27,DD08,3.64,210,0.8,5.6,7.2,111,0.66,-30,0.057584,0.55464,0.190568,0.243832,12.4904,2
479,27,DD08,4.33,200,0.8,5.6,7.5,111,0.66,-30,0.057584,0.55464,0.190568,0.243832,12.4904,2
480,27,DD08,3.78,200,0.8,5.6,7.5,111,0.66,-30,0.057584,0.55464,0.190568,0.243832,12.4904,2
481,27,DD08,4.31,210,0.8,5.6,7.5,111,0.66,-30,0.057584,0.55464,0.190568,0.243832,12.4904,2
482,27,DD08,4.29,210,0.8,5.6,7.5,111,0.66,-30,0.057584,0.55464,0.190568,0.243832,12.4904,2
483,27,DD08,4.29,210,0.8,5.6,7.5,111,0.66,-30,0.057584,0.55464,0.190568,0.243832,12.4904,2
484,27,DD08,4.32,220,0.8,5.6,7.5,111,0.66,-30,0.057584,0.55464,0.190568,0.243832,12.4904,2
485,27,DD08,4.62,200,0.8,5.6,7.5,111,0.66,-30,0.057584,0.55464,0.190568,0.243832,12.4904,2
486,27,DD08,4.46,200,0.8,5.6,7.5,111,0.66,-30,0.057584,0.55464,0.190568,0.243832,12.4904,2
487,27,DD08,4.05,200,0.8,5.6,7.5,111,0.66,-30,0.057584,0.55464,0.190568,0.243832,12.4904,2
488,27,DD08,3.55,200,0.8,5.6,7.5,111,0.66,-30,0.057584,0.55464,0.190568,0.243832,12.4904,2
489,28,DD08,4.01,200,0.8,5.6,7.5,111,0.66,-30,0.05716,0.5592,0.20094,0.22996,12.392,3
490,28,DD08,4.22,200,0.8,5.6,7.5,111,0.66,-30,0.05716,0.5592,0.20094,0.22996,12.392,3
491,28,DD08,3.95,200,0.8,5.6,7.5,111,0.66,-30,0.05716,0.5592,0.20094,0.22996,12.392,3
492,28,DD08,3.91,220,0.8,5.6,7.5,111,0.66,-30,0.05716,0.5592,0.20094,0.22996,12.392,3
493,28,DD08,3.41,220,0.8,5.6,7.5,111,0.66,-30,0.05716,0.5592,0.20094,0.22996,12.392,3
494,28,DD08,4.16,200,0.8,5.6,7.5,111,0.66,-30,0.05716,0.5592,0.20094,0.22996,12.392,3
495,28,DD08,3.58,220,0.8,5.6,7.5,111,0.66,-30,0.05716,0.5592,0.20094,0.22996,12.392,3
496,28,DD08,3.52,220,0.8,5.6,7.5,111,0.66,-30,0.05716,0.5592,0.20094,0.22996,12.392,3
497,28,DD08,4.06,210,0.8,5.6,7.7,111,0.66,-30,0.05716,0.5592,0.20094,0.22996,12.392,3
498,28,DD08,4.19,210,0.8,5.6,7.7,111,0.66,-30,0.05716,0.5592,0.20094,0.22996,12.392,3
499,28,DD08,3.74,190,0.8,5,5.5,111,0.66,-30,0.05716,0.5592,0.20094,0.22996,12.392,3
500,28,DD08,3.39,200,0.8,5.5,7.5,111,0.66,-30,0.05716,0.5592,0.20094,0.22996,12.392,3
501,28,DD08,3.76,210,0.8,5.5,7.5,111,0.66,-30,0.05716,0.5592,0.20094,0.22996,12.392,3
502,28,DD08,4.23,190,0.8,5.8,8,111,0.66,-30,0.05716,0.5592,0.20094,0.22996,12.392,3
503,28,DD08,3.86,190,0.8,5.8,8,111,0.66,-30,0.05716,0.5592,0.20094,0.22996,12.392,3
504,28,DD08,4.07,210,0.8,5.7,7.8,111,0.66,-30,0.05716,0.5592,0.20094,0.22996,12.392,3
505,28,DD08,4,220,0.8,5.7,7.8,111,0.66,-30,0.05716,0.5592,0.20094,0.22996,12.392,3
506,28,DD08,3.96,230,0.8,5.7,7.8,111,0.66,-30,0.05716,0.5592,0.20094,0.22996,12.392,3
507,28,DD08,4.65,200,0.8,5.7,7.8,111,0.66,-30,0.05716,0.5592,0.20094,0.22996,12.392,3
508,28,DD08,4.46,210,0.8,5.7,7.8,111,0.66,-30,0.05716,0.5592,0.20094,0.22996,12.392,3
509,28,DD08,4.57,200,0.8,5.7,7.8,111,0.66,-30,0.05716,0.5592,0.20094,0.22996,12.392,3
510,28,DD08,4.76,190,0.8,5.7,7.8,111,0.66,-30,0.05716,0.5592,0.20094,0.22996,12.392,3
511,28,DD08,4.87,190,0.8,5.7,7.8,111,0.66,-30,0.05716,0.5592,0.20094,0.22996,12.392,3
512,30,DD08,4.39,220,0.8,5.9,8,110,0.66,-20,0.058218,0.548353,0.187437,0.25259,12.4161,3
513,30,DD08,4.07,220,0.75,5.9,8,110,0.66,-20,0.058218,0.548353,0.187437,0.25259,12.4161,3
514,30,DD08,4.55,220,0.75,6.1,8.5,110,0.66,-20,0.058218,0.548353,0.187437,0.25259,12.4161,3
515,30,DD08,4.58,220,0.75,6.4,8.5,110,0.66,-20,0.058218,0.548353,0.187437,0.25259,12.4161,3
516,30,DD08,4.56,220,0.75,6.4,8.5,111,0.66,-20,0.058218,0.548353,0.187437,0.25259,12.4161,3
517,30,DD08,4.3,210,0.75,6.4,8.5,110,0.66,-20,0.058218,0.548353,0.187437,0.25259,12.4161,3
518,30,DD08,3.22,180,0.75,6.4,8,112,0.66,-10,0.058218,0.548353,0.187437,0.25259,12.4161,3
519,30,DD08,3.36,200,0.75,6.4,8,112,0.66,-30,0.058218,0.548353,0.187437,0.25259,12.4161,3
520,30,DD08,4.38,190,0.75,6.2,8,112,0.66,-30,0.058218,0.548353,0.187437,0.25259,12.4161,3
521,30,DD08,4.98,190,0.75,6.3,8.3,112,0.66,-30,0.058218,0.548353,0.187437,0.25259,12.4161,3
522,30,DD08,4.48,190,0.75,6.5,8.3,112,0.66,-30,0.058218,0.548353,0.187437,0.25259,12.4161,3
523,30,DD08,4.56,190,0.75,6.5,8.3,111,0.66,-30,0.058218,0.548353,0.187437,0.25259,12.4161,3
524,30,DD08,4.69,190,0.75,6.5,8.3,111,0.66,-30,0.058218,0.548353,0.187437,0.25259,12.4161,3
525,30,DD08,4.9,190,0.75,6.5,8.3,111,0.66,-30,0.058218,0.548353,0.187437,0.25259,12.4161,3
